{"stats":{"minecraft:custom":{"minecraft:jump":89,"minecraft:time_since_rest":2409,"minecraft:leave_game":1,"minecraft:sprint_one_cm":12104,"minecraft:play_time":2409,"minecraft:time_since_death":2409,"minecraft:walk_one_cm":7790,"minecraft:total_world_time":2409,"minecraft:drop":1,"minecraft:fall_one_cm":1045,"minecraft:fly_one_cm":14297},"minecraft:mined":{"minecraft:oak_leaves":1},"minecraft:picked_up":{"minecraft:oak_sapling":3},"minecraft:dropped":{"minecraft:oak_sapling":3}},"DataVersion":2975}