{"stats":{"minecraft:custom":{"minecraft:time_since_rest":7087,"minecraft:crouch_one_cm":2639,"minecraft:play_time":7087,"minecraft:sprint_one_cm":26293,"minecraft:damage_taken":10,"minecraft:walk_one_cm":34950,"minecraft:sneak_time":744,"minecraft:mob_kills":4,"minecraft:jump":158,"minecraft:leave_game":2,"minecraft:time_since_death":7087,"minecraft:total_world_time":7087,"minecraft:fall_one_cm":1974,"minecraft:fly_one_cm":13425},"minecraft:killed":{"minecraft:chicken":1,"minecraft:cow":3},"minecraft:used":{"minecraft:dirt":1,"minecraft:bread":1},"minecraft:crafted":{"minecraft:air":20},"minecraft:picked_up":{"hexerei:animal_fat":1,"minecraft:feather":2,"minecraft:stick":2,"minecraft:chicken":1,"minecraft:leather":1,"minecraft:beef":6,"minecraft:oak_log":5,"minecraft:dirt":1},"minecraft:mined":{"minecraft:grass_block":1,"minecraft:oak_log":1,"treechop:chopped_log":1}},"DataVersion":2975}