{"stats":{"minecraft:crafted":{"minecraft:cooked_chicken":9,"minecraft:cooked_mutton":28,"blue_skies:cooked_grittle_flatfish":1,"minecraft:cooked_porkchop":50,"minecraft:crafting_table":1,"minecraft:copper_ingot":52,"minecraft:charcoal":3,"minecraft:stick":8,"quark:oak_chest":4,"minecraft:iron_pickaxe":1,"minecraft:iron_ingot":36,"quark:spruce_chest":8,"minecraft:cooked_beef":72,"minecraft:air":456},"minecraft:broken":{"minecraft:golden_helmet":1,"minecraft:leather_leggings":1,"minecraft:iron_boots":2,"minecraft:iron_chestplate":1,"minecraft:chainmail_leggings":1,"minecraft:iron_axe":1,"minecraft:leather_boots":1,"minecraft:iron_pickaxe":2,"minecraft:iron_helmet":1,"jet_and_elias_armors:outrider_set_helmet":1},"minecraft:used":{"minecraft:polished_granite_stairs":1,"minecraft:iron_shovel":150,"minecraft:spruce_slab":12,"minecraft:chest":1,"minecraft:rotten_flesh":19,"minecraft:mutton":1,"minecraft:carrot":16,"minecraft:spruce_boat":1,"minecraft:bricks":3,"minecraft:stone_bricks":1,"minecraft:written_book":1,"minecraft:sweet_berries":3,"minecraft:furnace":6,"minecraft:egg":18,"minecraft:potato":27,"untamedwilds:flora_yarrow":1,"epicfight:skillbook":1,"minecraft:stripped_birch_log":1,"minecraft:stone_pickaxe":3,"minecraft:oak_planks":13,"minecraft:wooden_pickaxe":10,"minecraft:sugar_cane":7,"minecraft:blue_bed":2,"minecraft:cookie":1,"minecraft:white_wool":9,"minecraft:golden_apple":3,"waystones:waystone":2,"minecraft:bread":25,"paraglider:kakariko_goddess_statue":1,"minecraft:gravel":1,"minecraft:golden_helmet":2,"alexsmobs:cooked_moose_ribs":3,"minecraft:birch_log":1,"minecraft:coarse_dirt":2,"supplementaries:soap":1,"minecraft:purple_wool":1,"minecraft:experience_bottle":1,"minecraft:iron_bars":4,"minecraft:armor_stand":1,"minecraft:redstone":1,"minecraft:spruce_planks":29,"savage_and_ravage:cleaver_of_beheading":1,"minecraft:cooked_salmon":1,"minecraft:cooked_chicken":7,"minecraft:torch":200,"minecraft:dirt":10,"minecraft:brewing_stand":1,"minecraft:spyglass":24,"minecraft:purple_banner":2,"goblinsanddungeons:scoria_bricks":2,"minecraft:wooden_axe":5,"quark:spruce_chest":8,"untamedwilds:food_bear_cooked":5,"minecraft:iron_axe":271,"minecraft:iron_boots":1,"minecraft:crimson_planks":2,"minecraft:cooked_beef":59,"minecraft:cobbled_deepslate":10,"minecraft:calcite":9,"minecraft:cooked_mutton":17,"minecraft:baked_potato":24,"minecraft:blue_wool":1,"minecraft:cracked_stone_bricks":2,"farmersdelight:onion":28,"minecraft:crafting_table":14,"quark:glass_item_frame":2,"minecraft:black_wool":1,"minecraft:apple":23,"minecraft:chicken":1,"minecraft:iron_pickaxe":658,"majruszsdifficulty:pillager_treasure_bag":2,"blue_skies:cooked_horizofin_tunid":1,"minecraft:enchanted_book":1,"minecraft:cobblestone":40,"minecraft:potion":10,"minecraft:white_banner":3,"minecraft:cooked_porkchop":33,"untamedwilds:flora_bush_temperate":2,"quark:oak_chest":4,"minecraft:pillager_spawn_egg":11,"epicfight:uchigatana":1407},"minecraft:dropped":{"minecraft:iron_sword":1,"minecraft:oak_log":3,"minecraft:cooked_beef":14,"minecraft:glass_bottle":15,"minecraft:dark_oak_slab":1,"minecraft:crossbow":1,"minecraft:saddle":1,"minecraft:mossy_cobblestone_wall":1,"bloodandmadness:beastblood_clump":2,"minecraft:leather_helmet":2,"minecraft:emerald":7,"minecraft:red_mushroom":1,"minecraft:dirt":11,"hexerei:mandrake_flower":1,"minecraft:cornflower":1,"jet_and_elias_armors:raider_light_variant_chestplate":1,"farmersdelight:onion":11,"irons_spellbooks:rotten_spell_book":1,"minecraft:purple_wool":1,"paraglider:paraglider":1,"minecraft:birch_log":20,"minecraft:white_wool":5,"apotheosis:scrap_tome":1,"minecraft:bone":1,"minecraft:gravel":30,"minecraft:stone_axe":1,"minecraft:cooked_chicken":2,"simple_mobs:bundled_emerald":1,"minecraft:birch_sapling":15,"minecraft:oak_planks":27,"alexsmobs:bison_fur_block":4,"minecraft:rotten_flesh":1,"minecraft:cooked_mutton":2,"immersive_weathering:stone_brick":1,"irons_spellbooks:inscription_table":1,"minecraft:salmon":2,"minecraft:chiseled_stone_bricks":1,"supplementaries:soap":2,"solapplepie:golden_lunchbox":1,"irons_spellbooks:wandering_magician_helmet":1,"minecraft:tipped_arrow":1,"alexsmobs:bison_carpet":3,"minecraft:quartz_block":1,"minecraft:chainmail_boots":1,"apotheosis:gem":1,"create:red_seat":2,"minecraft:leather_boots":1,"minecraft:spruce_slab":6,"minecraft:iron_bars":8,"minecraft:arrow":69,"minecraft:written_book":3,"minecraft:stone_brick_stairs":1,"endrem:black_eye":1,"minecraft:enchanted_book":5,"minecraft:bread":3,"bloodandmadness:bullets/quicksilver_bullet":1,"minecraft:wheat_seeds":22,"minecraft:lilac":1,"untamedwilds:flora_yarrow":4,"savage_and_ravage:cleaver_of_beheading":1,"minecraft:feather":1,"minecraft:cobblestone":17,"minecraft:lead":2,"bloodandmadness:pure_quicksilver":1,"quark:glass_item_frame":2,"minecraft:stick":9,"minecraft:diamond_horse_armor":1,"minecraft:wooden_axe":1,"minecraft:pumpkin":1,"minecraft:white_banner":6,"minecraft:iron_axe":2,"minecraft:paper":1,"minecraft:string":2,"minecraft:spruce_sapling":23,"goblinsanddungeons:goblin_crown":1,"minecraft:sweet_berries":10,"hexerei:sage_seed":9,"epicfight:uchigatana":1,"minecraft:coarse_dirt":3,"minecraft:stone_sword":1,"minecraft:smooth_stone_slab":6,"untamedwilds:flora_bush_temperate":6,"minecraft:chicken":1,"minecraft:light_gray_wool":2,"minecraft:iron_boots":1,"simple_mobs:toxic_gland":3,"minecraft:filled_map":2,"minecraft:potato":12,"minecraft:shield":2,"minecraft:spruce_planks":54,"minecraft:iron_chestplate":1,"minecraft:andesite":2,"minecraft:mossy_stone_bricks":4,"minecraft:oak_sapling":25,"minecraft:stone_bricks":4,"minecraft:spruce_log":27,"minecraft:bow":1,"minecraft:blue_orchid":2,"minecraft:stone_pickaxe":3,"minecraft:wooden_pickaxe":3,"untamedwilds:flora_junegrass":3},"minecraft:picked_up":{"minecraft:wooden_axe":1,"irons_spellbooks:rotten_spell_book":1,"minecraft:lead":3,"simple_mobs:toxic_gland":5,"alexsmobs:bison_fur_block":4,"minecraft:enchanted_book":16,"minecraft:potion":4,"minecraft:stone_brick_stairs":5,"minecraft:crimson_planks":6,"minecraft:brewing_stand":1,"minecraft:string":7,"minecraft:raw_copper":71,"minecraft:smooth_stone_slab":6,"minecraft:armor_stand":1,"minecraft:purple_banner":2,"minecraft:cobbled_deepslate":17,"minecraft:spruce_planks":53,"alexsmobs:cooked_moose_ribs":3,"minecraft:written_book":3,"minecraft:calcite":9,"bloodandmadness:pure_quicksilver":2,"minecraft:furnace":1,"minecraft:blue_wool":1,"minecraft:golden_helmet":1,"minecraft:tipped_arrow":1,"minecraft:stick":38,"apotheosis:gem":7,"minecraft:torch":80,"paraglider:kakariko_goddess_statue":1,"minecraft:porkchop":58,"minecraft:quartz_block":20,"minecraft:stone_sword":1,"minecraft:rotten_flesh":25,"create:red_seat":4,"untamedwilds:flora_yarrow":5,"bloodandmadness:blood_stone_shard":1,"minecraft:iron_bars":18,"simple_mobs:lycanthrope_elixir":1,"minecraft:cobblestone":251,"minecraft:birch_log":33,"minecraft:leather_chestplate":1,"minecraft:feather":14,"minecraft:lilac":1,"orcz:orcteeth":1,"minecraft:andesite":43,"minecraft:potato":12,"supplementaries:soap":2,"create:raw_zinc":12,"hexerei:mandrake_flower":1,"minecraft:lapis_lazuli":6,"minecraft:dirt":160,"minecraft:stripped_birch_log":1,"untamedwilds:flora_junegrass":3,"minecraft:leather_boots":3,"minecraft:bone":18,"goblinsanddungeons:scoria_bricks":2,"minecraft:bow":2,"minecraft:wheat_seeds":23,"dannys_expansion:yellow_spores":1,"minecraft:mossy_stone_bricks":21,"minecraft:mossy_stone_brick_stairs":3,"hexerei:animal_fat":24,"minecraft:cooked_porkchop":13,"irons_spellbooks:frozen_bone":12,"minecraft:jungle_planks":3,"minecraft:stripped_spruce_log":2,"minecraft:spectral_arrow":1,"minecraft:jungle_slab":4,"alexsmobs:bison_carpet":6,"minecraft:mossy_cobblestone":25,"bloodandmadness:bullets/quicksilver_bullet":2,"minecraft:polished_andesite":2,"minecraft:dispenser":3,"waystones:waystone":2,"minecraft:crossbow":1,"minecraft:granite":1,"minecraft:chainmail_helmet":1,"alexsmobs:moose_ribs":3,"minecraft:bread":1,"minecraft:emerald":54,"orcz:ironscrap":10,"minecraft:oak_sapling":27,"minecraft:bricks":3,"sophisticatedbackpacks:gold_backpack":1,"minecraft:coarse_dirt":5,"minecraft:crafting_table":2,"minecraft:purple_wool":2,"minecraft:chicken":9,"minecraft:wooden_pickaxe":1,"minecraft:gold_block":5,"paraglider:heart_container":1,"epicfight:stray_pants":1,"minecraft:cornflower":1,"minecraft:iron_axe":1,"minecraft:quartz_slab":2,"minecraft:blue_orchid":2,"bloodandmadness:blood_vial":2,"minecraft:cracked_stone_bricks":20,"minecraft:mossy_cobblestone_wall":1,"minecraft:beef":66,"minecraft:iron_nugget":6,"majruszsdifficulty:pillager_treasure_bag":1,"minecraft:light_gray_wool":2,"minecraft:sugar_cane":7,"minecraft:chest":1,"minecraft:birch_sapling":15,"minecraft:egg":15,"minecraft:raw_iron":25,"untamedwilds:flora_bush_temperate":8,"minecraft:carrot":1,"minecraft:redstone":1,"bloodandmadness:beastblood_clump":5,"goblinsanddungeons:goblin_crown":1,"minecraft:purple_terracotta":7,"hexerei:sage_seed":9,"minecraft:polished_granite_stairs":2,"minecraft:arrow":118,"minecraft:hay_block":6,"minecraft:saddle":1,"jet_and_elias_armors:raider_light_variant_chestplate":3,"minecraft:gold_ingot":10,"minecraft:mutton":29,"minecraft:white_wool":19,"minecraft:purple_dye":4,"minecraft:air":0,"minecraft:glow_ink_sac":1,"minecraft:leather":44,"minecraft:red_mushroom":1,"minecraft:filled_map":1,"minecraft:crimson_fungus":64,"savage_and_ravage:creeper_spores":10,"minecraft:oak_log":34,"minecraft:gunpowder":15,"minecraft:blue_bed":2,"minecraft:paper":25,"minecraft:white_banner":11,"minecraft:cooked_mutton":5,"minecraft:apple":9,"minecraft:stone_bricks":81,"untamedwilds:material_fat":2,"minecraft:stone_pickaxe":2,"minecraft:glass_bottle":6,"minecraft:iron_sword":1,"create:black_seat":2,"minecraft:book":24,"simple_mobs:imp_scale":2,"minecraft:dark_oak_slab":2,"endrem:black_eye":1,"minecraft:emerald_block":1,"minecraft:pumpkin":2,"minecraft:sweet_berries":24,"minecraft:chiseled_stone_bricks":2,"quark:glass_item_frame":5,"minecraft:gravel":31,"epicfight:uchigatana":1,"minecraft:spruce_sapling":27,"minecraft:spruce_log":72,"minecraft:crying_obsidian":2,"minecraft:spider_eye":3,"immersive_weathering:stone_brick":2,"minecraft:leather_helmet":3,"monsterplus:crystal_shard":3,"savage_and_ravage:cleaver_of_beheading":1,"minecraft:baked_potato":13,"minecraft:black_wool":1,"minecraft:stripped_dark_oak_log":3,"minecraft:coal":43},"minecraft:killed_by":{"savage_and_ravage:executioner":1,"minecraft:wither_skeleton":2,"orcz:orcirongroupleader":2,"minecraft:pillager":1,"simple_mobs:imp_melee":1,"minecraft:vindicator":8,"monsterplus:swamp_zombie":2,"simple_mobs:imp_bomb":3,"goblinsanddungeons:goblin_king":2,"minecraft:zombie":2,"minecraft:wandering_trader":1,"simple_mobs:gobber":1,"majruszsdifficulty:cursed_armor":2,"minecraft:player":2,"simple_mobs:minotaur":1,"simple_mobs:goom":2,"simple_mobs:graywerewolf":1,"goblinsanddungeons:hobgob":1,"simple_mobs:dragon_lightning_breath":2,"bloodandmadness:silverbeast":2,"hunterillager:hunterillager":4},"minecraft:mined":{"minecraft:spruce_planks":5,"minecraft:jungle_slab":3,"minecraft:brewing_stand":1,"minecraft:granite":1,"minecraft:grass_block":153,"create:black_seat":3,"minecraft:chiseled_stone_bricks":2,"goblinsanddungeons:urn":6,"minecraft:spawner":23,"minecraft:iron_ore":15,"minecraft:fire":2,"minecraft:pumpkin":1,"minecraft:flowering_azalea_leaves":5,"minecraft:dirt_path":1,"minecraft:quartz_slab":1,"minecraft:iron_bars":22,"create:red_seat":4,"minecraft:azalea_leaves":2,"minecraft:white_banner":1,"minecraft:blue_orchid":1,"minecraft:polished_granite_stairs":2,"immersive_weathering:oak_leaf_pile":2,"alexsmobs:bison_carpet":3,"minecraft:quartz_block":27,"supplementaries:book_pile":1,"immersive_weathering:spruce_leaf_pile":4,"minecraft:powder_snow":2,"minecraft:torch":14,"minecraft:calcite":12,"minecraft:mossy_cobblestone_wall":1,"minecraft:cobblestone":13,"minecraft:sugar_cane":2,"minecraft:bricks":3,"minecraft:wall_torch":16,"minecraft:dark_oak_slab":2,"minecraft:lilac":1,"paraglider:kakariko_goddess_statue":1,"minecraft:smooth_stone_slab":4,"minecraft:stone_brick_stairs":5,"minecraft:grass":91,"minecraft:oak_log":30,"minecraft:dirt":12,"minecraft:crimson_planks":6,"minecraft:smooth_basalt":1,"minecraft:dispenser":3,"minecraft:oak_leaves":54,"minecraft:emerald_block":1,"create:zinc_ore":12,"untamedwilds:flora_junegrass":3,"minecraft:mossy_cobblestone":28,"minecraft:dark_oak_log":1,"minecraft:purple_terracotta":8,"minecraft:jungle_planks":3,"minecraft:spruce_leaves":9,"minecraft:red_mushroom":1,"goblinsanddungeons:scoria_bricks":2,"minecraft:large_fern":7,"minecraft:hay_block":7,"untamedwilds:flora_yarrow":2,"minecraft:furnace":1,"minecraft:andesite":43,"treechop:chopped_log":17,"minecraft:gold_block":1,"minecraft:mossy_stone_brick_stairs":3,"minecraft:bookshelf":8,"minecraft:deepslate_iron_ore":7,"minecraft:vine":4,"minecraft:stone":247,"orcz:scrapblock":3,"minecraft:podzol":2,"minecraft:infested_stone_bricks":1,"minecraft:crafting_table":2,"untamedwilds:flora_bush_temperate":8,"minecraft:purple_wall_banner":1,"minecraft:oak_wood":6,"minecraft:campfire":1,"minecraft:tall_grass":46,"minecraft:copper_ore":21,"minecraft:blue_bed":2,"minecraft:purple_wool":1,"minecraft:coarse_dirt":4,"minecraft:sweet_berry_bush":12,"minecraft:spruce_log":1,"minecraft:birch_leaves":19,"minecraft:coal_ore":27,"alexsmobs:bison_fur_block":4,"minecraft:gravel":11,"minecraft:cracked_stone_bricks":21,"minecraft:stone_bricks":32,"minecraft:polished_andesite":2,"minecraft:mossy_stone_bricks":25,"minecraft:gold_ore":1,"minecraft:fern":12,"minecraft:infested_stone":2},"minecraft:custom":{"lootr:looted_stat":89,"minecraft:interact_with_crafting_table":57,"minecraft:open_barrel":30,"goblintraders:trade_with_goblin":10,"minecraft:bell_ring":5,"minecraft:leave_game":18,"minecraft:time_since_death":41396,"minecraft:damage_resisted":110,"champions:champion_mobs_killed":194,"minecraft:sprint_one_cm":1525544,"minecraft:drop":243,"minecraft:talked_to_villager":2,"minecraft:play_time":672911,"minecraft:deaths":43,"minecraft:jump":7215,"minecraft:interact_with_brewingstand":5,"minecraft:walk_on_water_one_cm":74402,"minecraft:interact_with_furnace":104,"minecraft:sleep_in_bed":20,"minecraft:waystone_activated":6,"minecraft:damage_dealt":64306,"minecraft:player_kills":1,"minecraft:crouch_one_cm":24200,"minecraft:horse_one_cm":57316,"minecraft:inspect_dropper":2,"minecraft:mob_kills":314,"minecraft:interact_with_campfire":29,"minecraft:damage_dealt_resisted":1583,"minecraft:climb_one_cm":11571,"minecraft:walk_one_cm":5705157,"minecraft:damage_dealt_absorbed":7168,"minecraft:raid_win":2,"minecraft:sneak_time":3419,"minecraft:walk_under_water_one_cm":43903,"minecraft:interact_with_lectern":2,"minecraft:total_world_time":672911,"minecraft:raid_trigger":1,"minecraft:time_since_rest":10508,"minecraft:damage_taken":22040,"minecraft:damage_absorbed":270,"minecraft:swim_one_cm":75240,"minecraft:fly_one_cm":2440992,"minecraft:open_chest":196,"minecraft:fall_one_cm":125859},"minecraft:killed":{"simple_mobs:imp_melee":8,"guardvillagers:guard":1,"minecraft:witch":1,"monsterplus:swamp_zombie":1,"simple_mobs:hobgob":1,"minecraft:spider":5,"minecraft:skeleton":3,"monsterplus:glow_skeleton":1,"hunterillager:hunterillager":3,"savage_and_ravage:griefer":2,"bloodandmadness:beast_patient":4,"goblinsanddungeons:garch":8,"goblinsanddungeons:goom":3,"minecraft:chicken":7,"minecraft:silverfish":3,"minecraft:illusioner":1,"savage_and_ravage:creepie":12,"bloodandmadness:silverbeast":2,"minecraft:pig":24,"simple_mobs:gobber":5,"savage_and_ravage:executioner":2,"untamedwilds:boar":1,"minecraft:sheep":20,"minecraft:pillager":44,"minecraft:zombie":18,"minecraft:stray":5,"untamedwilds:bison":1,"monsterplus:opalescent_eye":4,"minecraft:cow":32,"goblinsanddungeons:goblo":3,"monsterplus:abyssologer":2,"minecraft:vindicator":23,"dannys_expansion:foamcaster":1,"simple_mobs:imp_range":8,"goblinsanddungeons:goblin_king":1,"simple_mobs:vampire":1,"simple_mobs:toxic_goop":2,"orcz:orcsavagemace":1,"untamedwilds:terror_bird":1,"simple_mobs:goom":2,"goblinsanddungeons:gob":2,"minecraft:wandering_trader":1,"majruszsdifficulty:cursed_armor":5,"minecraft:ravager":1,"monsterplus:spectral_skeleton":1,"simple_mobs:gob":9,"simple_mobs:graywerewolf":1,"simple_mobs:goblo":1,"minecraft:wither_skeleton":1}},"DataVersion":2975}