{"stats":{"minecraft:mined":{"minecraft:spruce_planks":19,"minecraft:spruce_trapdoor":1,"minecraft:grass_block":15,"hexerei:belladonna_flower":2,"minecraft:oak_pressure_plate":1,"minecraft:blue_wool":1,"minecraft:spawner":1,"minecraft:chiseled_stone_bricks":6,"minecraft:red_tulip":4,"minecraft:dirt_path":1,"minecraft:white_banner":1,"minecraft:spruce_slab":1,"immersive_weathering:oak_leaf_pile":8,"supplementaries:book_pile":2,"immersive_weathering:spruce_leaf_pile":1,"minecraft:powder_snow":5,"minecraft:calcite":3,"minecraft:cobblestone":5,"minecraft:oak_planks":1,"minecraft:lapis_block":2,"minecraft:stone_brick_stairs":2,"minecraft:grass":108,"minecraft:dirt":12,"minecraft:red_mushroom_block":4,"minecraft:oak_leaves":76,"minecraft:deepslate":4,"minecraft:emerald_block":1,"untamedwilds:flora_junegrass":3,"minecraft:mossy_cobblestone":2,"minecraft:stripped_birch_log":1,"minecraft:gray_stained_glass_pane":4,"immersive_weathering:birch_leaf_pile":8,"minecraft:allium":1,"biomemakeover:water_lily":1,"minecraft:spruce_leaves":14,"goblinsanddungeons:scoria_bricks":11,"minecraft:large_fern":7,"minecraft:furnace":2,"minecraft:stripped_spruce_log":2,"treechop:chopped_log":1,"minecraft:peony":1,"minecraft:gold_block":9,"minecraft:mossy_stone_brick_stairs":1,"minecraft:vine":1,"minecraft:packed_ice":1,"minecraft:stone":46,"minecraft:white_wool":2,"hexerei:mandrake_flower":1,"minecraft:glass_pane":2,"quark:oak_chest":1,"minecraft:stripped_dark_oak_log":3,"minecraft:stone_brick_slab":1,"minecraft:crafting_table":6,"untamedwilds:flora_bush_temperate":4,"minecraft:purple_wall_banner":1,"goblinsanddungeons:scoria_brick_slab":1,"minecraft:stone_slab":1,"minecraft:copper_ore":4,"minecraft:tall_grass":53,"minecraft:purple_wool":1,"minecraft:coarse_dirt":2,"minecraft:sweet_berry_bush":4,"minecraft:birch_leaves":5,"minecraft:white_wall_banner":3,"minecraft:gravel":7,"minecraft:cracked_stone_bricks":4,"minecraft:stone_bricks":7,"minecraft:mossy_stone_bricks":57,"minecraft:fern":7},"minecraft:crafted":{"minecraft:cooked_chicken":6,"minecraft:cooked_mutton":13,"sophisticatedbackpacks:copper_backpack":1,"biomemakeover:magenta_petals":2,"minecraft:magenta_dye":2,"sophisticatedbackpacks:backpack":1,"minecraft:cooked_porkchop":20,"minecraft:copper_ingot":18,"waystones:warp_stone":1,"nyfsquiver:iron_quiver":1,"minecraft:emerald_block":3,"minecraft:shield":1,"simple_mobs:bundled_emerald":2,"minecraft:furnace":1,"quark:spruce_chest":2,"sophisticatedbackpacks:iron_backpack":1,"minecraft:cooked_beef":4,"minecraft:iron_sword":1,"minecraft:cooked_salmon":3,"sophisticatedbackpacks:gold_backpack":1,"minecraft:air":521,"minecraft:blue_dye":4,"nyfsquiver:basic_quiver":1,"minecraft:iron_leggings":1},"minecraft:picked_up":{"minecraft:chainmail_boots":1,"irons_spellbooks:rotten_spell_book":1,"simple_mobs:toxic_gland":1,"alexsmobs:bison_fur_block":2,"minecraft:enchanted_book":6,"minecraft:lapis_block":2,"simple_mobs:bundled_emerald":1,"minecraft:string":6,"minecraft:raw_copper":15,"minecraft:smooth_stone_slab":2,"minecraft:purple_banner":1,"minecraft:gold_nugget":1,"minecraft:cobbled_deepslate":4,"minecraft:spruce_planks":40,"minecraft:written_book":2,"minecraft:calcite":2,"irons_spellbooks:inscription_table":1,"bloodandmadness:pure_quicksilver":2,"minecraft:iron_boots":2,"minecraft:furnace":2,"minecraft:golden_helmet":1,"minecraft:tipped_arrow":1,"minecraft:stick":5,"apotheosis:gem":4,"minecraft:torch":2,"minecraft:porkchop":5,"minecraft:quartz_block":2,"minecraft:rotten_flesh":19,"farmersdelight:onion":16,"minecraft:red_tulip":4,"create:red_seat":1,"alexsmobs:flying_fish":1,"minecraft:iron_bars":2,"biomemakeover:water_lily":1,"minecraft:cobblestone":29,"paraglider:paraglider":1,"minecraft:feather":24,"minecraft:cooked_beef":22,"minecraft:andesite":14,"untamedwilds:hide_bear_black":3,"supplementaries:soap":3,"minecraft:flint":2,"hexerei:mandrake_flower":1,"biomemakeover:moth_scales":1,"minecraft:dirt":29,"minecraft:leather_boots":2,"irons_spellbooks:iron_spell_book":1,"minecraft:bone":13,"goblinsanddungeons:scoria_bricks":9,"minecraft:bow":1,"goblinsanddungeons:scoria_brick_slab":1,"minecraft:wheat_seeds":10,"dannys_expansion:yellow_spores":1,"minecraft:mossy_stone_bricks":47,"minecraft:oak_planks":1,"hexerei:animal_fat":3,"paraglider:essence":1,"minecraft:oak_pressure_plate":1,"alexsmobs:bison_carpet":3,"minecraft:mossy_cobblestone":6,"bloodandmadness:bullets/quicksilver_bullet":2,"minecraft:crossbow":1,"minecraft:bread":2,"minecraft:emerald":10,"orcz:ironscrap":1,"minecraft:oak_sapling":4,"minecraft:coarse_dirt":4,"minecraft:crafting_table":6,"minecraft:allium":1,"minecraft:chicken":10,"minecraft:wooden_pickaxe":2,"minecraft:gold_block":5,"solapplepie:golden_lunchbox":1,"minecraft:diamond_horse_armor":1,"minecraft:shield":3,"minecraft:brick":1,"supplementaries:globe":1,"minecraft:iron_axe":2,"untamedwilds:food_bear_raw":3,"minecraft:blue_orchid":1,"bloodandmadness:blood_vial":5,"apotheosis:scrap_tome":1,"minecraft:beef":11,"minecraft:iron_nugget":2,"majruszsdifficulty:pillager_treasure_bag":1,"minecraft:poppy":1,"minecraft:sugar_cane":4,"minecraft:spruce_trapdoor":1,"minecraft:egg":7,"untamedwilds:flora_bush_temperate":6,"bloodandmadness:beastblood_clump":1,"goblinsanddungeons:goblin_crown":1,"minecraft:purple_terracotta":1,"hexerei:sage_seed":5,"untamedwilds:food_bear_cooked":3,"minecraft:arrow":61,"minecraft:peony":1,"minecraft:hay_block":1,"bloodandmadness:sanguisteel_nugget":1,"minecraft:saddle":1,"minecraft:mutton":3,"minecraft:white_wool":2,"minecraft:air":0,"minecraft:leather":12,"minecraft:filled_map":1,"minecraft:oak_log":1,"minecraft:paper":1,"minecraft:white_banner":6,"minecraft:cooked_mutton":2,"minecraft:apple":1,"minecraft:stone_bricks":11,"untamedwilds:material_fat":5,"minecraft:iron_ingot":1,"minecraft:stone_pickaxe":1,"minecraft:cooked_chicken":2,"minecraft:cobweb":3,"minecraft:glass_bottle":4,"minecraft:iron_sword":1,"create:black_seat":1,"endrem:black_eye":1,"minecraft:emerald_block":1,"hexerei:belladonna_flower":2,"minecraft:sweet_berries":10,"minecraft:chiseled_stone_bricks":10,"minecraft:stone_brick_slab":1,"quark:glass_item_frame":2,"minecraft:gravel":6,"minecraft:spruce_log":9,"quark:oak_chest":1,"minecraft:spider_eye":2,"immersive_weathering:stone_brick":1,"minecraft:leather_helmet":1,"minecraft:stone_axe":1,"savage_and_ravage:cleaver_of_beheading":1,"jet_and_elias_armors:takemaru_armor_helmet":1,"minecraft:ender_pearl":1},"minecraft:used":{"irons_spellbooks:inscription_table":1,"minecraft:beetroot":1,"minecraft:peony":1,"minecraft:shield":20,"minecraft:iron_sword":426,"supplementaries:globe":2,"minecraft:carrot":2,"minecraft:allium":1,"blue_skies:cooked_municipal_monkfish":1,"minecraft:stone_bricks":5,"minecraft:bow":205,"minecraft:written_book":1,"minecraft:sweet_berries":19,"minecraft:furnace":3,"untamedwilds:material_fat":2,"minecraft:potato":29,"minecraft:mossy_stone_bricks":32,"minecraft:oak_planks":1,"minecraft:cookie":1,"minecraft:golden_apple":11,"blue_skies:municipal_monkfish":1,"minecraft:crossbow":10,"minecraft:bread":60,"minecraft:gravel":5,"hexerei:belladonna_flower":2,"supplementaries:soap":1,"minecraft:trident":3,"minecraft:flint_and_steel":4,"minecraft:spruce_planks":63,"savage_and_ravage:cleaver_of_beheading":25,"minecraft:cooked_salmon":3,"minecraft:cooked_chicken":7,"minecraft:torch":8,"minecraft:dirt":4,"minecraft:spyglass":16,"minecraft:purple_banner":1,"goblinsanddungeons:scoria_bricks":3,"quark:spruce_chest":2,"minecraft:iron_axe":14,"untamedwilds:food_bear_cooked":8,"create:black_seat":1,"immersive_weathering:enchanted_golden_moss_clump":2,"minecraft:golden_carrot":2,"minecraft:cooked_beef":32,"minecraft:cobbled_deepslate":4,"alexsmobs:blobfish":2,"minecraft:cooked_mutton":6,"alexsmobs:cooked_catfish":1,"minecraft:baked_potato":5,"create:red_seat":1,"minecraft:mossy_cobblestone":3,"farmersdelight:onion":22,"minecraft:music_disc_cat":1,"minecraft:crafting_table":4,"minecraft:cod":3,"minecraft:apple":8,"minecraft:chicken":1,"majruszsdifficulty:pillager_treasure_bag":1,"minecraft:iron_pickaxe":192,"minecraft:map":1,"minecraft:spruce_trapdoor":1,"minecraft:stone_axe":13,"blue_skies:cooked_horizofin_tunid":1,"minecraft:chiseled_stone_bricks":1,"minecraft:enchanted_book":2,"minecraft:cobblestone":12,"minecraft:potion":7,"minecraft:white_banner":5,"minecraft:cooked_porkchop":13,"quark:oak_chest":1,"blue_skies:grittle_flatfish":1},"minecraft:broken":{"minecraft:iron_boots":2,"minecraft:iron_chestplate":2,"minecraft:iron_leggings":1,"minecraft:bow":1,"minecraft:chainmail_helmet":1},"minecraft:killed":{"simple_mobs:imp_melee":2,"minecraft:witch":1,"monsterplus:swamp_zombie":1,"minecraft:spider":4,"dannys_expansion:foamspring":1,"minecraft:skeleton":5,"hunterillager:hunterillager":2,"savage_and_ravage:griefer":2,"bloodandmadness:beast_patient":2,"goblinsanddungeons:garch":3,"minecraft:chicken":4,"minecraft:silverfish":1,"savage_and_ravage:creepie":7,"bloodandmadness:silverbeast":2,"minecraft:pig":2,"simple_mobs:gobber":4,"minecraft:creeper":1,"minecraft:sheep":2,"untamedwilds:bear":1,"minecraft:pillager":32,"minecraft:zombie":11,"untamedwilds:bison":2,"minecraft:cow":3,"bloodandmadness:church_doctor":1,"bloodandmadness:cloaked_beast_patient":2,"minecraft:vindicator":15,"simple_mobs:imp_range":6,"bloodandmadness:church_doctor_scythe":1,"orcz:orcsavagegroupleader":1,"simple_mobs:toxic_goop":1,"biomemakeover:moth":1,"orcz:orcsavageweird":1,"alexsmobs:flying_fish":1,"restored_earth:bouldering_zombie":1,"untamedwilds:terror_bird":1,"restored_earth:lobber_zombie":1,"majruszsdifficulty:cursed_armor":1,"bloodandmadness:church_doctor_pistol":1,"bloodandmadness:church_doctor_lantern":1,"minecraft:ravager":2,"simple_mobs:weak_ogre":1,"orcz:orcirongroupleader":1,"bloodandmadness:church_doctor_crucifix":1,"simple_mobs:gob":5,"simple_mobs:goblo":2},"minecraft:killed_by":{"orcz:orcirongroupleader":1,"minecraft:ravager":1,"dannys_expansion:foamspring":1,"monsterplus:swamp_zombie":1,"goblinsanddungeons:goblin_king":3,"minecraft:zombie":7,"minecraft:wandering_trader":1,"majruszsdifficulty:cursed_armor":1,"minecraft:player":1,"simple_mobs:minotaur":1,"simple_mobs:goom":1,"simple_mobs:graywerewolf":3,"simple_mobs:dragon_lightning_breath":4},"minecraft:custom":{"lootr:looted_stat":113,"minecraft:interact_with_crafting_table":47,"minecraft:open_barrel":33,"minecraft:leave_game":15,"minecraft:time_since_death":2064,"champions:champion_mobs_killed":115,"minecraft:sprint_one_cm":1863740,"minecraft:damage_blocked_by_shield":681,"minecraft:drop":96,"minecraft:talked_to_villager":5,"minecraft:play_time":782236,"minecraft:deaths":29,"minecraft:jump":7694,"minecraft:interact_with_brewingstand":4,"minecraft:walk_on_water_one_cm":104217,"minecraft:interact_with_furnace":46,"minecraft:play_record":1,"minecraft:sleep_in_bed":15,"minecraft:waystone_activated":5,"minecraft:damage_dealt":5257,"minecraft:player_kills":2,"minecraft:crouch_one_cm":21265,"minecraft:horse_one_cm":30350,"minecraft:mob_kills":137,"minecraft:interact_with_campfire":9,"minecraft:damage_dealt_resisted":314,"minecraft:climb_one_cm":27216,"minecraft:walk_one_cm":6575488,"minecraft:damage_dealt_absorbed":110,"minecraft:raid_win":1,"minecraft:sneak_time":5727,"minecraft:walk_under_water_one_cm":106262,"minecraft:interact_with_lectern":3,"minecraft:total_world_time":782236,"minecraft:raid_trigger":1,"minecraft:time_since_rest":2117,"minecraft:damage_taken":17371,"minecraft:damage_absorbed":925,"minecraft:swim_one_cm":128585,"minecraft:fly_one_cm":1199750,"minecraft:open_chest":246,"minecraft:aviate_one_cm":4975,"minecraft:fall_one_cm":84797},"minecraft:dropped":{"minecraft:iron_sword":1,"minecraft:cooked_beef":2,"minecraft:oak_log":1,"minecraft:crossbow":2,"minecraft:flint":1,"minecraft:dirt":6,"hexerei:mandrake_flower":1,"farmersdelight:onion":5,"irons_spellbooks:rotten_spell_book":1,"minecraft:bone":8,"minecraft:stone_axe":2,"minecraft:sugar_cane":2,"minecraft:rotten_flesh":16,"minecraft:cooked_mutton":5,"minecraft:carrot":1,"supplementaries:soap":7,"minecraft:chiseled_stone_bricks":9,"apotheosis:gem":3,"minecraft:beef":4,"endrem:black_eye":1,"minecraft:egg":6,"minecraft:enchanted_book":3,"bloodandmadness:bullets/quicksilver_bullet":1,"minecraft:wheat_seeds":5,"dannys_expansion:yellow_spores":1,"minecraft:feather":4,"minecraft:cobblestone":38,"minecraft:iron_helmet":1,"minecraft:apple":7,"bloodandmadness:pure_quicksilver":1,"minecraft:purple_dye":4,"quark:glass_item_frame":2,"minecraft:torch":46,"minecraft:potion":3,"minecraft:white_banner":1,"minecraft:iron_axe":1,"minecraft:iron_shovel":1,"hexerei:sage_seed":1,"minecraft:coarse_dirt":2,"minecraft:smooth_stone_slab":2,"untamedwilds:flora_bush_temperate":6,"supplementaries:globe":1,"minecraft:iron_boots":1,"minecraft:filled_map":1,"minecraft:shield":1,"minecraft:spruce_planks":28,"minecraft:andesite":14,"minecraft:mossy_stone_bricks":15,"minecraft:oak_sapling":4,"minecraft:spider_eye":2,"minecraft:blue_orchid":1,"minecraft:magenta_dye":2}},"DataVersion":2975}